{"MSE": 2.4528791442399367, "_timestamp": 1687729381.0409894, "_runtime": 18.045536518096924, "_step": 0, "_wandb": {"runtime": 17}}