{"MSE": 2.4533748137793148, "_timestamp": 1687729468.7450416, "_runtime": 28.462080717086792, "_step": 0, "_wandb": {"runtime": 28}}