{"MSE": 2.4531359513257023, "_timestamp": 1687729406.00026, "_runtime": 16.518108129501343, "_step": 0, "_wandb": {"runtime": 16}}