{"MSE": 2.4607046807733934, "_timestamp": 1687729422.8101757, "_runtime": 7.774643659591675, "_step": 0, "_wandb": {"runtime": 7}}