{"MSE": 2.453983836538874, "_timestamp": 1687728439.1125147, "_runtime": 13.543243646621704, "_step": 0, "_wandb": {"runtime": 13}}