{"MSE": 2.4531558126916537, "_timestamp": 1687729351.8229296, "_runtime": 19.980942726135254, "_step": 0, "_wandb": {"runtime": 19}}